{"mean": [-0.057731268550812606, 0.027445544066515788, 0.17927302179879975, 50094.41597356695, 40078.312238767576, 30023.514246872473, 0.020113230538436725, 11.501525, 2.9989125, 0.6493948215890332, 42.848152652717545], "scale": [36.80466966426744, 31.97114834034212, 39.364118065388844, 50201.66805516317, 40218.110196593836, 29991.618209394477, 0.020136085355093838, 6.929859138133839, 2.0022827765690296, 0.2021806769801633, 23.512709490044205]}